_id,name,email,password,role
69b9111bfc13ae51dd35bbee,Denny Grigs,dgrigs0@blogger.com,jQ3%~p\\+#XE,admin
69b9111bfc13ae51dd35bbef,Inger Labusquiere,ilabusquiere1@printfriendly.com,kE8>x90HP8Vi=+W),user
69b9111bfc13ae51dd35bbf0,Ulrikaumeko Clayal,uclayal2@fda.gov,rK8*@<CZW,user
69b9111bfc13ae51dd35bbf1,Elwyn Gooble,egooble3@facebook.com,nJ7)\vR<y_R#,user
69b9111bfc13ae51dd35bbf2,Michel Salkild,msalkild4@sakura.ne.jp,qQ2&9v\%?l!Iiv,user
69b9111bfc13ae51dd35bbf3,Karen Lidgertwood,klidgertwood5@plala.or.jp,zV2#vn+qg{,user
69b9111bfc13ae51dd35bbf4,Jake Ashbridge,jashbridge6@mlb.com,mH4~7!po1fw(C,user
69b9111bfc13ae51dd35bbf5,Timotheus Soar,tsoar7@netlog.com,pS5{QJroCni,user
69b9111bfc13ae51dd35bbf6,Deanna Chuney,dchuney8@chicagotribune.com,uO8|tSnA2,user
69b9111bfc13ae51dd35bbf7,Thorvald Gerdts,tgerdts9@quantcast.com,vE6)JJ$qU,user
69b9111bfc13ae51dd35bbf8,Riccardo Honacker,rhonackera@baidu.com,rP9=Ietw9Px#D,user
69b9111bfc13ae51dd35bbf9,Dewitt Verdon,dverdonb@photobucket.com,lE2'51Sk,admin
69b9111bfc13ae51dd35bbfa,Johan Mephan,jmephanc@sciencedaily.com,iZ5+GI=',user
69b9111bfc13ae51dd35bbfb,Sergio Millea,smillead@mayoclinic.com,mB9.4"BggPK@.V'3,user
69b9111bfc13ae51dd35bbfc,Elonore Saggers,esaggerse@usda.gov,kW8@&"kv},user
69b9111bfc13ae51dd35bbfd,Cory McCome,cmccomef@redcross.org,"mN1&,{/n",user
69b9111bfc13ae51dd35bbfe,Randi Yannikov,ryannikovg@cnn.com,rS4`xg#9XA(<WR,user
69b9111bfc13ae51dd35bbff,Ody Fydoe,ofydoeh@businessweek.com,oA9\{?|an{IG}=,user
69b9111bfc13ae51dd35bc00,Irita Pydcock,ipydcocki@so-net.ne.jp,sI7<WXPJ7|R,user
69b9111bfc13ae51dd35bc01,Emile Sich,esichj@whitehouse.gov,gH8&BTXC@D8L,user
69b9111bfc13ae51dd35bc02,Caz Bradshaw,cbradshawk@bravesites.com,lY0\6%a_,user
69b9111bfc13ae51dd35bc03,Trista Birtwisle,tbirtwislel@cornell.edu,"sJ0_6},K1`V@qLzc",user
69b9111bfc13ae51dd35bc04,Ketti Prandi,kprandim@godaddy.com,iK0`8j<n&,user
69b9111bfc13ae51dd35bc05,Arni Attawell,aattawelln@a8.net,fA5__K+bBHK5r9"!,user
69b9111bfc13ae51dd35bc06,Quinta Faunch,qfauncho@google.fr,zG8#eu`yDftC,user
69b9111bfc13ae51dd35bc07,Terrel Bowland,tbowlandp@odnoklassniki.ru,wB7"|RB4yt{,user
69b9111bfc13ae51dd35bc08,Frasquito Whiskerd,fwhiskerdq@washingtonpost.com,eY9*b{2/$xa'rI|,user
69b9111bfc13ae51dd35bc09,Dulcy Mitchelson,dmitchelsonr@storify.com,cA2.w'w.,user
69b9111bfc13ae51dd35bc0a,Teriann Methuen,tmethuens@marketwatch.com,kX9@GcFuYLH*1,user
69b9111bfc13ae51dd35bc0b,Jeannette Veighey,jveigheyt@cbc.ca,rQ3#dxC0G8Yy"w,admin
69b9111bfc13ae51dd35bc0c,Archer Anchor,aanchoru@tmall.com,cV5=xqj%/iYp%Q,user
69b9111bfc13ae51dd35bc0d,Agnesse Tamblyn,atamblynv@nydailynews.com,rE0@Zn59LIrP,user
69b9111bfc13ae51dd35bc0e,Rea Dahmke,rdahmkew@macromedia.com,fK9(S0X2L)=Z,user
69b9111bfc13ae51dd35bc0f,Matilda Deer,mdeerx@myspace.com,bY8|9LLI@8jTF,admin
69b9111bfc13ae51dd35bc10,Nicol Anyon,nanyony@spiegel.de,tE8*`V+'B/\%=,user
69b9111bfc13ae51dd35bc11,Marmaduke Reilinger,mreilingerz@mapy.cz,zK0=Z6F?J,user
69b9111bfc13ae51dd35bc12,Wynn Thomerson,wthomerson10@t-online.de,"lY8%$!|VQQau/,r",user
69b9111bfc13ae51dd35bc13,Helena Eagle,heagle11@exblog.jp,lA0#{#B"cz,user
69b9111bfc13ae51dd35bc14,Neron Borsi,nborsi12@zimbio.com,sD8"cLufW&,user
69b9111bfc13ae51dd35bc15,Ricky Pozer,rpozer13@qq.com,lJ5?3N5u~j{,user
69b9111bfc13ae51dd35bc16,Moyra Hoonahan,mhoonahan14@flickr.com,kE0`T.6U,user
69b9111bfc13ae51dd35bc17,Monty Girone,mgirone15@zdnet.com,nM3'Gb**_ro<j,user
69b9111bfc13ae51dd35bc18,Konstance Garmey,kgarmey16@bloomberg.com,mF5.CFvv,user
69b9111bfc13ae51dd35bc19,Cordula Mattaus,cmattaus17@ftc.gov,gO4<#Q!n"(CjS,user
69b9111bfc13ae51dd35bc1a,Cornie Stirley,cstirley18@bbc.co.uk,aN9`b($Z,user
69b9111bfc13ae51dd35bc1b,Tanney Hubbis,thubbis19@hc360.com,vP0+da{cqPJ,user
69b9111bfc13ae51dd35bc1c,Mikkel Scamadin,mscamadin1a@state.tx.us,aV7{'#awJW@,user
69b9111bfc13ae51dd35bc1d,Winn Hynam,whynam1b@si.edu,"eK0<mG,""xl",user
69b9111bfc13ae51dd35bc1e,Bobina Sellar,bsellar1c@wp.com,zW3"KPL/y,user
69b9111bfc13ae51dd35bc1f,Patrice Manketell,pmanketell1d@china.com.cn,mS2)WRJ.E/6/,user